class,image_name,image_path,height,width,num_masks,has_mask,lesion_pixels,lesion_area_ratio,size_group,stratify_group
benign,benign (76).png,../data/Dataset_BUSI_with_GT\benign\benign (76).png,685,848,1,True,10263,0.01766802093375568,small,benign_small
benign,benign (178).png,../data/Dataset_BUSI_with_GT\benign\benign (178).png,576,772,1,True,32243,0.07250962507196315,medium,benign_medium
benign,benign (112).png,../data/Dataset_BUSI_with_GT\benign\benign (112).png,612,652,1,True,4986,0.01249548899314327,small,benign_small
benign,benign (54).png,../data/Dataset_BUSI_with_GT\benign\benign (54).png,468,616,2,True,20750,0.07197663447663448,medium,benign_medium
benign,benign (307).png,../data/Dataset_BUSI_with_GT\benign\benign (307).png,587,775,1,True,12040,0.026465900972687806,small,benign_small
benign,benign (42).png,../data/Dataset_BUSI_with_GT\benign\benign (42).png,437,581,1,True,16545,0.06516422013651205,medium,benign_medium
benign,benign (275).png,../data/Dataset_BUSI_with_GT\benign\benign (275).png,463,556,1,True,7692,0.029880199512096587,small,benign_small
benign,benign (24).png,../data/Dataset_BUSI_with_GT\benign\benign (24).png,467,556,1,True,5465,0.021047401907168056,small,benign_small
benign,benign (408).png,../data/Dataset_BUSI_with_GT\benign\benign (408).png,465,554,1,True,19359,0.07514848026085943,medium,benign_medium
malignant,malignant (178).png,../data/Dataset_BUSI_with_GT\malignant\malignant (178).png,467,562,1,True,23054,0.08784015484618257,medium,malignant_medium
benign,benign (240).png,../data/Dataset_BUSI_with_GT\benign\benign (240).png,473,556,1,True,28187,0.10717979527583008,large,benign_large
benign,benign (181).png,../data/Dataset_BUSI_with_GT\benign\benign (181).png,455,733,2,True,26899,0.08065304409097042,medium,benign_medium
malignant,malignant (201).png,../data/Dataset_BUSI_with_GT\malignant\malignant (201).png,576,678,1,True,78455,0.20089468616846937,large,malignant_large
benign,benign (41).png,../data/Dataset_BUSI_with_GT\benign\benign (41).png,484,550,1,True,23703,0.08904207362885048,medium,benign_medium
benign,benign (210).png,../data/Dataset_BUSI_with_GT\benign\benign (210).png,471,563,1,True,21372,0.08059644081411003,medium,benign_medium
benign,benign (237).png,../data/Dataset_BUSI_with_GT\benign\benign (237).png,473,558,1,True,25108,0.09512984306682731,medium,benign_medium
benign,benign (172).png,../data/Dataset_BUSI_with_GT\benign\benign (172).png,589,619,1,True,8769,0.02405160851474666,small,benign_small
benign,benign (420).png,../data/Dataset_BUSI_with_GT\benign\benign (420).png,574,768,1,True,55571,0.12605936048199767,large,benign_large
benign,benign (107).png,../data/Dataset_BUSI_with_GT\benign\benign (107).png,616,759,1,True,9871,0.021112451448419826,small,benign_small
benign,benign (160).png,../data/Dataset_BUSI_with_GT\benign\benign (160).png,585,624,1,True,3629,0.009941376287530133,small,benign_small
benign,benign (394).png,../data/Dataset_BUSI_with_GT\benign\benign (394).png,468,558,1,True,9743,0.03730891768526177,medium,benign_medium
benign,benign (100).png,../data/Dataset_BUSI_with_GT\benign\benign (100).png,473,323,2,True,10011,0.06552602124637548,medium,benign_medium
benign,benign (27).png,../data/Dataset_BUSI_with_GT\benign\benign (27).png,576,774,1,True,6736,0.015109101349411427,small,benign_small
benign,benign (290).png,../data/Dataset_BUSI_with_GT\benign\benign (290).png,389,465,1,True,23937,0.13233269757027946,large,benign_large
benign,benign (118).png,../data/Dataset_BUSI_with_GT\benign\benign (118).png,620,653,1,True,6834,0.016879909104381762,small,benign_small
malignant,malignant (129).png,../data/Dataset_BUSI_with_GT\malignant\malignant (129).png,458,569,1,True,103510,0.3971957237473235,large,malignant_large
benign,benign (396).png,../data/Dataset_BUSI_with_GT\benign\benign (396).png,474,420,1,True,2738,0.013753265019087803,small,benign_small
benign,benign (79).png,../data/Dataset_BUSI_with_GT\benign\benign (79).png,604,648,1,True,18767,0.04794937045212983,medium,benign_medium
malignant,malignant (54).png,../data/Dataset_BUSI_with_GT\malignant\malignant (54).png,580,777,1,True,27432,0.060870722939688454,medium,malignant_medium
malignant,malignant (4).png,../data/Dataset_BUSI_with_GT\malignant\malignant (4).png,473,432,1,True,13990,0.06846566439589695,medium,malignant_medium
malignant,malignant (120).png,../data/Dataset_BUSI_with_GT\malignant\malignant (120).png,470,564,1,True,45152,0.1703334842311755,large,malignant_large
benign,benign (153).png,../data/Dataset_BUSI_with_GT\benign\benign (153).png,574,772,1,True,2802,0.006323229405499088,small,benign_small
benign,benign (120).png,../data/Dataset_BUSI_with_GT\benign\benign (120).png,695,808,1,True,1930,0.003436854476814588,small,benign_small
malignant,malignant (113).png,../data/Dataset_BUSI_with_GT\malignant\malignant (113).png,482,745,1,True,19181,0.053415578267286754,medium,malignant_medium
benign,benign (302).png,../data/Dataset_BUSI_with_GT\benign\benign (302).png,390,466,1,True,2786,0.01532959172444151,small,benign_small
benign,benign (59).png,../data/Dataset_BUSI_with_GT\benign\benign (59).png,468,563,1,True,13832,0.05249654627985001,medium,benign_medium
benign,benign (117).png,../data/Dataset_BUSI_with_GT\benign\benign (117).png,688,806,1,True,13557,0.02444781868544059,small,benign_small
benign,benign (415).png,../data/Dataset_BUSI_with_GT\benign\benign (415).png,578,781,1,True,209121,0.46325356986207905,large,benign_large
benign,benign (357).png,../data/Dataset_BUSI_with_GT\benign\benign (357).png,429,581,1,True,9506,0.03813856825905019,medium,benign_medium
malignant,malignant (65).png,../data/Dataset_BUSI_with_GT\malignant\malignant (65).png,584,922,1,True,20141,0.037405654770748524,medium,malignant_medium
malignant,malignant (71).png,../data/Dataset_BUSI_with_GT\malignant\malignant (71).png,592,528,1,True,74179,0.23731508497133497,large,malignant_large
malignant,malignant (93).png,../data/Dataset_BUSI_with_GT\malignant\malignant (93).png,470,554,1,True,37501,0.1440241185958983,large,malignant_large
benign,benign (216).png,../data/Dataset_BUSI_with_GT\benign\benign (216).png,386,646,1,True,14460,0.05798938064454034,medium,benign_medium
benign,benign (62).png,../data/Dataset_BUSI_with_GT\benign\benign (62).png,594,389,1,True,49722,0.21518527174054167,large,benign_large
benign,benign (336).png,../data/Dataset_BUSI_with_GT\benign\benign (336).png,585,783,1,True,18176,0.039680824355153854,medium,benign_medium
benign,benign (189).png,../data/Dataset_BUSI_with_GT\benign\benign (189).png,465,544,1,True,2348,0.009282099936748892,small,benign_small
benign,benign (322).png,../data/Dataset_BUSI_with_GT\benign\benign (322).png,491,555,1,True,3168,0.011625474761930973,small,benign_small
benign,benign (309).png,../data/Dataset_BUSI_with_GT\benign\benign (309).png,487,769,1,True,63198,0.1687516521897021,large,benign_large
benign,benign (229).png,../data/Dataset_BUSI_with_GT\benign\benign (229).png,470,564,1,True,15129,0.05707333635129018,medium,benign_medium
benign,benign (212).png,../data/Dataset_BUSI_with_GT\benign\benign (212).png,469,558,1,True,22229,0.08494012273501922,medium,benign_medium
benign,benign (377).png,../data/Dataset_BUSI_with_GT\benign\benign (377).png,578,752,1,True,9459,0.021762037105205037,small,benign_small
benign,benign (333).png,../data/Dataset_BUSI_with_GT\benign\benign (333).png,569,777,1,True,48986,0.11079972767143241,large,benign_large
malignant,malignant (112).png,../data/Dataset_BUSI_with_GT\malignant\malignant (112).png,471,549,1,True,5164,0.019970685941240393,small,malignant_small
benign,benign (44).png,../data/Dataset_BUSI_with_GT\benign\benign (44).png,580,777,1,True,6065,0.013458039320108285,small,benign_small
benign,benign (304).png,../data/Dataset_BUSI_with_GT\benign\benign (304).png,387,467,1,True,19804,0.10957842958241344,large,benign_large
malignant,malignant (45).png,../data/Dataset_BUSI_with_GT\malignant\malignant (45).png,592,781,1,True,80381,0.1738523895214036,large,malignant_large
malignant,malignant (148).png,../data/Dataset_BUSI_with_GT\malignant\malignant (148).png,463,556,1,True,2856,0.011094364249421198,small,malignant_small
benign,benign (266).png,../data/Dataset_BUSI_with_GT\benign\benign (266).png,389,462,1,True,7896,0.04393549894835242,medium,benign_medium
benign,benign (15).png,../data/Dataset_BUSI_with_GT\benign\benign (15).png,526,701,1,True,3067,0.008317829499411487,small,benign_small
benign,benign (182).png,../data/Dataset_BUSI_with_GT\benign\benign (182).png,463,555,1,True,3096,0.012048333430622848,small,benign_small
malignant,malignant (29).png,../data/Dataset_BUSI_with_GT\malignant\malignant (29).png,470,567,1,True,46325,0.17383391496866674,large,malignant_large
malignant,malignant (196).png,../data/Dataset_BUSI_with_GT\malignant\malignant (196).png,465,557,1,True,26542,0.10247678616242929,medium,malignant_medium
benign,benign (306).png,../data/Dataset_BUSI_with_GT\benign\benign (306).png,386,471,1,True,10146,0.05580673905151645,medium,benign_medium
benign,benign (386).png,../data/Dataset_BUSI_with_GT\benign\benign (386).png,578,768,1,True,25588,0.057643094002306806,medium,benign_medium
benign,benign (186).png,../data/Dataset_BUSI_with_GT\benign\benign (186).png,574,741,1,True,33341,0.07838780816957967,medium,benign_medium
malignant,malignant (189).png,../data/Dataset_BUSI_with_GT\malignant\malignant (189).png,400,433,1,True,2832,0.016351039260969976,small,malignant_small
malignant,malignant (147).png,../data/Dataset_BUSI_with_GT\malignant\malignant (147).png,471,552,1,True,11899,0.045766792824394595,medium,malignant_medium
benign,benign (259).png,../data/Dataset_BUSI_with_GT\benign\benign (259).png,390,465,1,True,9303,0.05129859387923904,medium,benign_medium
benign,benign (363).png,../data/Dataset_BUSI_with_GT\benign\benign (363).png,433,586,1,True,5341,0.021049271295588364,small,benign_small
malignant,malignant (17).png,../data/Dataset_BUSI_with_GT\malignant\malignant (17).png,590,765,1,True,35657,0.0790007754514235,medium,malignant_medium
malignant,malignant (31).png,../data/Dataset_BUSI_with_GT\malignant\malignant (31).png,509,723,1,True,141193,0.38366933237682976,large,malignant_large
malignant,malignant (150).png,../data/Dataset_BUSI_with_GT\malignant\malignant (150).png,463,557,1,True,102194,0.39626819082480585,large,malignant_large
benign,benign (283).png,../data/Dataset_BUSI_with_GT\benign\benign (283).png,508,621,1,True,3686,0.011684227877312438,small,benign_small
benign,benign (105).png,../data/Dataset_BUSI_with_GT\benign\benign (105).png,581,882,1,True,8813,0.017198043876185013,small,benign_small
benign,benign (409).png,../data/Dataset_BUSI_with_GT\benign\benign (409).png,466,558,1,True,95213,0.36616441306320857,large,benign_large
benign,benign (343).png,../data/Dataset_BUSI_with_GT\benign\benign (343).png,467,564,1,True,20580,0.07813567816301425,medium,benign_medium
malignant,malignant (69).png,../data/Dataset_BUSI_with_GT\malignant\malignant (69).png,461,646,1,True,19023,0.06387715492636145,medium,malignant_medium
benign,benign (65).png,../data/Dataset_BUSI_with_GT\benign\benign (65).png,474,564,1,True,11242,0.04205194960648771,medium,benign_medium
benign,benign (83).png,../data/Dataset_BUSI_with_GT\benign\benign (83).png,432,581,2,True,4241,0.016896952890928796,small,benign_small
benign,benign (71).png,../data/Dataset_BUSI_with_GT\benign\benign (71).png,469,554,1,True,2315,0.008909808872091323,small,benign_small
malignant,malignant (208).png,../data/Dataset_BUSI_with_GT\malignant\malignant (208).png,664,617,1,True,145369,0.35482855245943257,large,malignant_large
malignant,malignant (14).png,../data/Dataset_BUSI_with_GT\malignant\malignant (14).png,398,273,1,True,17891,0.16466029782612698,large,malignant_large
benign,benign (278).png,../data/Dataset_BUSI_with_GT\benign\benign (278).png,464,561,1,True,8243,0.03166682033314893,small,benign_small
benign,benign (285).png,../data/Dataset_BUSI_with_GT\benign\benign (285).png,494,625,1,True,18127,0.05871093117408907,medium,benign_medium
benign,benign (78).png,../data/Dataset_BUSI_with_GT\benign\benign (78).png,576,777,1,True,5828,0.013021950521950522,small,benign_small
benign,benign (321).png,../data/Dataset_BUSI_with_GT\benign\benign (321).png,467,546,1,True,804,0.0031531637527354873,small,benign_small
benign,benign (282).png,../data/Dataset_BUSI_with_GT\benign\benign (282).png,465,560,1,True,13016,0.04998463901689708,medium,benign_medium
benign,benign (431).png,../data/Dataset_BUSI_with_GT\benign\benign (431).png,431,582,1,True,4066,0.016209406718173194,small,benign_small
malignant,malignant (59).png,../data/Dataset_BUSI_with_GT\malignant\malignant (59).png,561,682,1,True,89827,0.2347792222727534,large,malignant_large
malignant,malignant (170).png,../data/Dataset_BUSI_with_GT\malignant\malignant (170).png,463,556,1,True,82118,0.318994048821418,large,malignant_large
malignant,malignant (137).png,../data/Dataset_BUSI_with_GT\malignant\malignant (137).png,339,233,1,True,34498,0.4367554154481117,large,malignant_large
malignant,malignant (85).png,../data/Dataset_BUSI_with_GT\malignant\malignant (85).png,485,733,1,True,69371,0.1951336830705616,large,malignant_large
benign,benign (359).png,../data/Dataset_BUSI_with_GT\benign\benign (359).png,462,567,1,True,4408,0.016827381906746985,small,benign_small
benign,benign (399).png,../data/Dataset_BUSI_with_GT\benign\benign (399).png,468,555,1,True,36171,0.13925848925848927,large,benign_large
malignant,malignant (39).png,../data/Dataset_BUSI_with_GT\malignant\malignant (39).png,469,564,1,True,33347,0.12606798832584795,large,malignant_large
malignant,malignant (187).png,../data/Dataset_BUSI_with_GT\malignant\malignant (187).png,585,765,1,True,54503,0.12178760963074689,large,malignant_large
benign,benign (166).png,../data/Dataset_BUSI_with_GT\benign\benign (166).png,471,555,1,True,2895,0.011074769036552476,small,benign_small
benign,benign (362).png,../data/Dataset_BUSI_with_GT\benign\benign (362).png,464,557,1,True,3296,0.012753048969231722,small,benign_small
benign,benign (159).png,../data/Dataset_BUSI_with_GT\benign\benign (159).png,574,696,1,True,3370,0.008435459970363251,small,benign_small
malignant,malignant (204).png,../data/Dataset_BUSI_with_GT\malignant\malignant (204).png,585,875,1,True,47346,0.09249523809523809,medium,malignant_medium
benign,benign (94).png,../data/Dataset_BUSI_with_GT\benign\benign (94).png,583,767,1,True,10379,0.02321087930298036,small,benign_small
benign,benign (432).png,../data/Dataset_BUSI_with_GT\benign\benign (432).png,394,469,1,True,14408,0.07797127488013161,medium,benign_medium
benign,benign (402).png,../data/Dataset_BUSI_with_GT\benign\benign (402).png,469,561,1,True,12053,0.04580991148155327,medium,benign_medium
malignant,malignant (3).png,../data/Dataset_BUSI_with_GT\malignant\malignant (3).png,475,425,1,True,12192,0.060393808049535605,medium,malignant_medium
benign,benign (139).png,../data/Dataset_BUSI_with_GT\benign\benign (139).png,468,563,1,True,10374,0.03937240970988751,medium,benign_medium
benign,benign (215).png,../data/Dataset_BUSI_with_GT\benign\benign (215).png,396,600,1,True,5614,0.023627946127946126,small,benign_small
benign,benign (319).png,../data/Dataset_BUSI_with_GT\benign\benign (319).png,467,560,1,True,9889,0.03781355154481493,medium,benign_medium
malignant,malignant (199).png,../data/Dataset_BUSI_with_GT\malignant\malignant (199).png,473,504,1,True,15851,0.06649132521225544,medium,malignant_medium
benign,benign (60).png,../data/Dataset_BUSI_with_GT\benign\benign (60).png,598,759,1,True,2427,0.00534720478009703,small,benign_small
benign,benign (13).png,../data/Dataset_BUSI_with_GT\benign\benign (13).png,571,678,1,True,52450,0.1354814045637473,large,benign_large
benign,benign (294).png,../data/Dataset_BUSI_with_GT\benign\benign (294).png,394,469,1,True,13962,0.0755576721180176,medium,benign_medium
benign,benign (98).png,../data/Dataset_BUSI_with_GT\benign\benign (98).png,558,795,2,True,140672,0.31710736908545795,large,benign_large
malignant,malignant (106).png,../data/Dataset_BUSI_with_GT\malignant\malignant (106).png,458,667,1,True,21853,0.07153519310213889,medium,malignant_medium
malignant,malignant (164).png,../data/Dataset_BUSI_with_GT\malignant\malignant (164).png,473,551,1,True,146711,0.5629242238789363,large,malignant_large
benign,benign (234).png,../data/Dataset_BUSI_with_GT\benign\benign (234).png,469,562,1,True,33802,0.12824287307741922,large,benign_large
benign,benign (137).png,../data/Dataset_BUSI_with_GT\benign\benign (137).png,578,777,1,True,5551,0.012360110976027931,small,benign_small
benign,benign (206).png,../data/Dataset_BUSI_with_GT\benign\benign (206).png,485,569,1,True,14848,0.05380392441070426,medium,benign_medium
malignant,malignant (166).png,../data/Dataset_BUSI_with_GT\malignant\malignant (166).png,488,555,1,True,9614,0.035496972382218286,medium,malignant_medium
benign,benign (289).png,../data/Dataset_BUSI_with_GT\benign\benign (289).png,393,468,1,True,18869,0.10259128770579153,medium,benign_medium
benign,benign (404).png,../data/Dataset_BUSI_with_GT\benign\benign (404).png,578,772,1,True,191793,0.4298209835595317,large,benign_large
malignant,malignant (142).png,../data/Dataset_BUSI_with_GT\malignant\malignant (142).png,465,556,1,True,80699,0.31213351899125863,large,malignant_large
benign,benign (255).png,../data/Dataset_BUSI_with_GT\benign\benign (255).png,389,473,1,True,13573,0.07376750707891977,medium,benign_medium
benign,benign (103).png,../data/Dataset_BUSI_with_GT\benign\benign (103).png,585,766,1,True,49587,0.11065809734217046,large,benign_large
malignant,malignant (40).png,../data/Dataset_BUSI_with_GT\malignant\malignant (40).png,461,548,1,True,27952,0.11064490080276138,large,malignant_large
benign,benign (132).png,../data/Dataset_BUSI_with_GT\benign\benign (132).png,483,552,1,True,6449,0.024188345785699283,small,benign_small
benign,benign (347).png,../data/Dataset_BUSI_with_GT\benign\benign (347).png,683,605,1,True,6176,0.014946214440424476,small,benign_small
malignant,malignant (154).png,../data/Dataset_BUSI_with_GT\malignant\malignant (154).png,464,556,1,True,58054,0.22502945919126768,large,malignant_large
malignant,malignant (8).png,../data/Dataset_BUSI_with_GT\malignant\malignant (8).png,473,426,1,True,11091,0.055042729952654613,medium,malignant_medium
benign,benign (175).png,../data/Dataset_BUSI_with_GT\benign\benign (175).png,573,765,1,True,22507,0.05134540145319326,medium,benign_medium
malignant,malignant (6).png,../data/Dataset_BUSI_with_GT\malignant\malignant (6).png,478,432,1,True,12527,0.060664613358128006,medium,malignant_medium
malignant,malignant (67).png,../data/Dataset_BUSI_with_GT\malignant\malignant (67).png,604,946,1,True,24388,0.04268232922167929,medium,malignant_medium
malignant,malignant (175).png,../data/Dataset_BUSI_with_GT\malignant\malignant (175).png,470,564,1,True,56917,0.21471631205673758,large,malignant_large
malignant,malignant (181).png,../data/Dataset_BUSI_with_GT\malignant\malignant (181).png,488,497,1,True,11063,0.045613847016525384,medium,malignant_medium
benign,benign (25).png,../data/Dataset_BUSI_with_GT\benign\benign (25).png,583,770,2,True,5824,0.012973647278964603,small,benign_small
benign,benign (361).png,../data/Dataset_BUSI_with_GT\benign\benign (361).png,470,558,1,True,20689,0.07888736368489285,medium,benign_medium
benign,benign (20).png,../data/Dataset_BUSI_with_GT\benign\benign (20).png,473,319,1,True,6488,0.0429990655258571,medium,benign_medium
benign,benign (429).png,../data/Dataset_BUSI_with_GT\benign\benign (429).png,437,582,1,True,3225,0.012680176460874283,small,benign_small
benign,benign (287).png,../data/Dataset_BUSI_with_GT\benign\benign (287).png,390,466,1,True,21213,0.11672169032684054,large,benign_large
malignant,malignant (183).png,../data/Dataset_BUSI_with_GT\malignant\malignant (183).png,457,557,1,True,54718,0.2149605773348157,large,malignant_large
benign,benign (247).png,../data/Dataset_BUSI_with_GT\benign\benign (247).png,396,469,1,True,2750,0.014806917791992419,small,benign_small
malignant,malignant (116).png,../data/Dataset_BUSI_with_GT\malignant\malignant (116).png,434,582,1,True,13582,0.05377135889274233,medium,malignant_medium
benign,benign (250).png,../data/Dataset_BUSI_with_GT\benign\benign (250).png,394,469,1,True,4554,0.02464472416741528,small,benign_small
malignant,malignant (63).png,../data/Dataset_BUSI_with_GT\malignant\malignant (63).png,572,795,1,True,73334,0.16126577824691032,large,malignant_large
benign,benign (300).png,../data/Dataset_BUSI_with_GT\benign\benign (300).png,387,463,1,True,17160,0.09576908265943376,medium,benign_medium
benign,benign (231).png,../data/Dataset_BUSI_with_GT\benign\benign (231).png,472,561,1,True,14369,0.054265234599232604,medium,benign_medium
benign,benign (64).png,../data/Dataset_BUSI_with_GT\benign\benign (64).png,471,610,1,True,128953,0.4488287912011416,large,benign_large
benign,benign (367).png,../data/Dataset_BUSI_with_GT\benign\benign (367).png,462,560,1,True,33369,0.12897727272727272,large,benign_large
benign,benign (194).png,../data/Dataset_BUSI_with_GT\benign\benign (194).png,492,711,1,True,10649,0.030442066024035767,small,benign_small
benign,benign (375).png,../data/Dataset_BUSI_with_GT\benign\benign (375).png,571,775,1,True,31590,0.07138579741257556,medium,benign_medium
benign,benign (313).png,../data/Dataset_BUSI_with_GT\benign\benign (313).png,468,555,1,True,5349,0.020593670593670593,small,benign_small
malignant,malignant (95).png,../data/Dataset_BUSI_with_GT\malignant\malignant (95).png,486,781,1,True,56403,0.14859866268316974,large,malignant_large
benign,benign (35).png,../data/Dataset_BUSI_with_GT\benign\benign (35).png,476,556,1,True,3049,0.011520615440420772,small,benign_small
benign,benign (1).png,../data/Dataset_BUSI_with_GT\benign\benign (1).png,471,562,1,True,984,0.0037173878550218736,small,benign_small
malignant,malignant (100).png,../data/Dataset_BUSI_with_GT\malignant\malignant (100).png,476,557,1,True,15909,0.06000407344266252,medium,malignant_medium
benign,benign (34).png,../data/Dataset_BUSI_with_GT\benign\benign (34).png,471,558,1,True,13836,0.05264479601853754,medium,benign_medium
benign,benign (55).png,../data/Dataset_BUSI_with_GT\benign\benign (55).png,614,763,1,True,8946,0.019095717658309176,small,benign_small
benign,benign (349).png,../data/Dataset_BUSI_with_GT\benign\benign (349).png,471,555,1,True,4667,0.017853522312121037,small,benign_small
benign,benign (21).png,../data/Dataset_BUSI_with_GT\benign\benign (21).png,451,558,1,True,1854,0.007367141120091553,small,benign_small
malignant,malignant (133).png,../data/Dataset_BUSI_with_GT\malignant\malignant (133).png,485,479,1,True,87550,0.376859006090868,large,malignant_large
benign,benign (284).png,../data/Dataset_BUSI_with_GT\benign\benign (284).png,497,622,1,True,19226,0.06219309425685948,medium,benign_medium
benign,benign (190).png,../data/Dataset_BUSI_with_GT\benign\benign (190).png,470,734,1,True,30729,0.08907472896979535,medium,benign_medium
benign,benign (223).png,../data/Dataset_BUSI_with_GT\benign\benign (223).png,465,562,1,True,7241,0.027708261584969196,small,benign_small
malignant,malignant (162).png,../data/Dataset_BUSI_with_GT\malignant\malignant (162).png,587,620,1,True,137556,0.37796340056053196,large,malignant_large
malignant,malignant (79).png,../data/Dataset_BUSI_with_GT\malignant\malignant (79).png,468,564,1,True,42462,0.16087015821058373,large,malignant_large
benign,benign (427).png,../data/Dataset_BUSI_with_GT\benign\benign (427).png,380,780,1,True,8443,0.02848515519568151,small,benign_small
malignant,malignant (193).png,../data/Dataset_BUSI_with_GT\malignant\malignant (193).png,574,781,1,True,16310,0.03638237406701852,medium,malignant_medium
benign,benign (346).png,../data/Dataset_BUSI_with_GT\benign\benign (346).png,373,610,2,True,38191,0.16785039335472246,large,benign_large
benign,benign (286).png,../data/Dataset_BUSI_with_GT\benign\benign (286).png,490,620,1,True,38246,0.12589203423304807,large,benign_large
benign,benign (26).png,../data/Dataset_BUSI_with_GT\benign\benign (26).png,471,554,1,True,33610,0.12880651812335686,large,benign_large
benign,benign (45).png,../data/Dataset_BUSI_with_GT\benign\benign (45).png,580,775,1,True,31072,0.06912569521690767,medium,benign_medium
benign,benign (373).png,../data/Dataset_BUSI_with_GT\benign\benign (373).png,457,555,1,True,10234,0.040349320874484985,medium,benign_medium
benign,benign (141).png,../data/Dataset_BUSI_with_GT\benign\benign (141).png,471,567,1,True,136993,0.512972885938208,large,benign_large
benign,benign (267).png,../data/Dataset_BUSI_with_GT\benign\benign (267).png,327,500,1,True,6275,0.03837920489296636,medium,benign_medium
benign,benign (138).png,../data/Dataset_BUSI_with_GT\benign\benign (138).png,600,766,1,True,2052,0.004464751958224543,small,benign_small
malignant,malignant (51).png,../data/Dataset_BUSI_with_GT\malignant\malignant (51).png,437,588,1,True,22299,0.0867813944799888,medium,malignant_medium
benign,benign (32).png,../data/Dataset_BUSI_with_GT\benign\benign (32).png,611,656,1,True,48240,0.12035447686719093,large,benign_large
malignant,malignant (131).png,../data/Dataset_BUSI_with_GT\malignant\malignant (131).png,461,604,1,True,13678,0.04912298343652584,medium,malignant_medium
benign,benign (148).png,../data/Dataset_BUSI_with_GT\benign\benign (148).png,463,567,1,True,11290,0.043006083322857984,medium,benign_medium
benign,benign (97).png,../data/Dataset_BUSI_with_GT\benign\benign (97).png,470,592,1,True,48233,0.17335034502587693,large,benign_large
malignant,malignant (184).png,../data/Dataset_BUSI_with_GT\malignant\malignant (184).png,492,552,1,True,36927,0.13596898197242843,large,malignant_large
benign,benign (256).png,../data/Dataset_BUSI_with_GT\benign\benign (256).png,395,469,1,True,17678,0.09542522469029176,medium,benign_medium
benign,benign (311).png,../data/Dataset_BUSI_with_GT\benign\benign (311).png,496,549,1,True,38994,0.14320024678300722,large,benign_large
benign,benign (28).png,../data/Dataset_BUSI_with_GT\benign\benign (28).png,696,841,1,True,18616,0.03180395533505542,medium,benign_medium
benign,benign (329).png,../data/Dataset_BUSI_with_GT\benign\benign (329).png,576,665,1,True,2726,0.007116750208855472,small,benign_small
benign,benign (406).png,../data/Dataset_BUSI_with_GT\benign\benign (406).png,463,563,1,True,38429,0.14742451154529307,large,benign_large
malignant,malignant (94).png,../data/Dataset_BUSI_with_GT\malignant\malignant (94).png,452,564,1,True,51666,0.20266898889098098,large,malignant_large
malignant,malignant (15).png,../data/Dataset_BUSI_with_GT\malignant\malignant (15).png,398,361,1,True,37600,0.26169629309984827,large,malignant_large
benign,benign (376).png,../data/Dataset_BUSI_with_GT\benign\benign (376).png,467,546,1,True,58864,0.23085551136943,large,benign_large
benign,benign (136).png,../data/Dataset_BUSI_with_GT\benign\benign (136).png,581,886,1,True,16264,0.03159493828263716,small,benign_small
benign,benign (90).png,../data/Dataset_BUSI_with_GT\benign\benign (90).png,574,772,1,True,3287,0.00741772129046235,small,benign_small
benign,benign (400).png,../data/Dataset_BUSI_with_GT\benign\benign (400).png,580,779,1,True,167313,0.37030897259970785,large,benign_large
malignant,malignant (87).png,../data/Dataset_BUSI_with_GT\malignant\malignant (87).png,499,561,1,True,30544,0.10910948456628052,large,malignant_large
benign,benign (43).png,../data/Dataset_BUSI_with_GT\benign\benign (43).png,495,554,1,True,2331,0.008500164095831967,small,benign_small
malignant,malignant (74).png,../data/Dataset_BUSI_with_GT\malignant\malignant (74).png,464,558,1,True,11269,0.043524440736620935,medium,malignant_medium
benign,benign (269).png,../data/Dataset_BUSI_with_GT\benign\benign (269).png,390,465,1,True,8237,0.045420457678522194,medium,benign_medium
benign,benign (179).png,../data/Dataset_BUSI_with_GT\benign\benign (179).png,468,422,1,True,967,0.004896301697249565,small,benign_small
benign,benign (85).png,../data/Dataset_BUSI_with_GT\benign\benign (85).png,465,561,1,True,28115,0.10777605274758975,large,benign_large
malignant,malignant (25).png,../data/Dataset_BUSI_with_GT\malignant\malignant (25).png,470,563,1,True,82133,0.31039265333887606,large,malignant_large
malignant,malignant (161).png,../data/Dataset_BUSI_with_GT\malignant\malignant (161).png,576,694,1,True,95915,0.23994106227985912,large,malignant_large
benign,benign (14).png,../data/Dataset_BUSI_with_GT\benign\benign (14).png,531,699,1,True,4380,0.011800554464408397,small,benign_small
benign,benign (380).png,../data/Dataset_BUSI_with_GT\benign\benign (380).png,572,750,1,True,7296,0.01700699300699301,small,benign_small
benign,benign (30).png,../data/Dataset_BUSI_with_GT\benign\benign (30).png,462,557,1,True,3621,0.014071207069411737,small,benign_small
malignant,malignant (180).png,../data/Dataset_BUSI_with_GT\malignant\malignant (180).png,461,562,1,True,27730,0.10703175056545804,large,malignant_large
benign,benign (323).png,../data/Dataset_BUSI_with_GT\benign\benign (323).png,468,560,1,True,7445,0.028407356532356532,small,benign_small
benign,benign (413).png,../data/Dataset_BUSI_with_GT\benign\benign (413).png,478,433,1,True,2227,0.010759805579444762,small,benign_small
malignant,malignant (80).png,../data/Dataset_BUSI_with_GT\malignant\malignant (80).png,443,643,1,True,28029,0.09839950289451604,medium,malignant_medium
benign,benign (51).png,../data/Dataset_BUSI_with_GT\benign\benign (51).png,338,357,1,True,1093,0.009058061094260189,small,benign_small
benign,benign (395).png,../data/Dataset_BUSI_with_GT\benign\benign (395).png,576,615,1,True,41982,0.11851287262872628,large,benign_large
malignant,malignant (191).png,../data/Dataset_BUSI_with_GT\malignant\malignant (191).png,471,673,1,True,12415,0.03916613824716152,medium,malignant_medium
benign,benign (2).png,../data/Dataset_BUSI_with_GT\benign\benign (2).png,473,557,1,True,9384,0.03561817498605107,medium,benign_medium
benign,benign (52).png,../data/Dataset_BUSI_with_GT\benign\benign (52).png,338,370,1,True,1284,0.010267071805533344,small,benign_small
benign,benign (207).png,../data/Dataset_BUSI_with_GT\benign\benign (207).png,481,562,1,True,33244,0.12297926176929735,large,benign_large
malignant,malignant (89).png,../data/Dataset_BUSI_with_GT\malignant\malignant (89).png,585,786,1,True,106380,0.23135642982971227,large,malignant_large
benign,benign (73).png,../data/Dataset_BUSI_with_GT\benign\benign (73).png,471,557,1,True,61594,0.23478065310447613,large,benign_large
benign,benign (218).png,../data/Dataset_BUSI_with_GT\benign\benign (218).png,396,602,1,True,30047,0.12604030336588476,large,benign_large
malignant,malignant (104).png,../data/Dataset_BUSI_with_GT\malignant\malignant (104).png,494,554,1,True,47473,0.1734642423888101,large,malignant_large
benign,benign (280).png,../data/Dataset_BUSI_with_GT\benign\benign (280).png,471,556,1,True,14325,0.054701461760527884,medium,benign_medium
benign,benign (184).png,../data/Dataset_BUSI_with_GT\benign\benign (184).png,487,349,1,True,24349,0.14326059201120245,large,benign_large
benign,benign (208).png,../data/Dataset_BUSI_with_GT\benign\benign (208).png,479,562,1,True,3229,0.011994888520717093,small,benign_small
malignant,malignant (119).png,../data/Dataset_BUSI_with_GT\malignant\malignant (119).png,469,564,1,True,28930,0.10936956554612953,large,malignant_large
malignant,malignant (21).png,../data/Dataset_BUSI_with_GT\malignant\malignant (21).png,367,601,1,True,43594,0.19764515997406684,large,malignant_large
benign,benign (19).png,../data/Dataset_BUSI_with_GT\benign\benign (19).png,572,663,1,True,1890,0.004983704078726703,small,benign_small
malignant,malignant (55).png,../data/Dataset_BUSI_with_GT\malignant\malignant (55).png,556,786,1,True,20759,0.04750169330184707,medium,malignant_medium
malignant,malignant (62).png,../data/Dataset_BUSI_with_GT\malignant\malignant (62).png,565,693,1,True,54345,0.13879630693789985,large,malignant_large
malignant,malignant (102).png,../data/Dataset_BUSI_with_GT\malignant\malignant (102).png,551,916,1,True,63800,0.12640772236267525,large,malignant_large
benign,benign (273).png,../data/Dataset_BUSI_with_GT\benign\benign (273).png,469,560,1,True,27561,0.1049383186110265,large,benign_large
malignant,malignant (30).png,../data/Dataset_BUSI_with_GT\malignant\malignant (30).png,468,573,1,True,70413,0.26257439477334765,large,malignant_large
benign,benign (16).png,../data/Dataset_BUSI_with_GT\benign\benign (16).png,462,558,1,True,2309,0.008956694440565408,small,benign_small
benign,benign (200).png,../data/Dataset_BUSI_with_GT\benign\benign (200).png,473,554,1,True,33776,0.12889536791812,large,benign_large
benign,benign (232).png,../data/Dataset_BUSI_with_GT\benign\benign (232).png,469,562,1,True,29842,0.11321885741602107,large,benign_large
benign,benign (334).png,../data/Dataset_BUSI_with_GT\benign\benign (334).png,426,589,1,True,6043,0.02408394908215564,small,benign_small
benign,benign (351).png,../data/Dataset_BUSI_with_GT\benign\benign (351).png,429,585,1,True,6786,0.02703962703962704,small,benign_small
benign,benign (11).png,../data/Dataset_BUSI_with_GT\benign\benign (11).png,587,689,1,True,1951,0.004823918327180839,small,benign_small
benign,benign (410).png,../data/Dataset_BUSI_with_GT\benign\benign (410).png,468,558,1,True,31697,0.12137747756027326,large,benign_large
benign,benign (405).png,../data/Dataset_BUSI_with_GT\benign\benign (405).png,465,566,1,True,80623,0.3063300277366161,large,benign_large
benign,benign (225).png,../data/Dataset_BUSI_with_GT\benign\benign (225).png,473,558,1,True,11894,0.045064296377124585,medium,benign_medium
malignant,malignant (155).png,../data/Dataset_BUSI_with_GT\malignant\malignant (155).png,487,551,1,True,38117,0.14204899063491058,large,malignant_large
benign,benign (325).png,../data/Dataset_BUSI_with_GT\benign\benign (325).png,583,613,1,True,3619,0.010126504355320263,small,benign_small
benign,benign (161).png,../data/Dataset_BUSI_with_GT\benign\benign (161).png,463,568,1,True,3109,0.011822011985520032,small,benign_small
malignant,malignant (160).png,../data/Dataset_BUSI_with_GT\malignant\malignant (160).png,587,626,1,True,76548,0.20831541764862763,large,malignant_large
benign,benign (58).png,../data/Dataset_BUSI_with_GT\benign\benign (58).png,572,781,2,True,14751,0.033019797104304145,medium,benign_medium
benign,benign (61).png,../data/Dataset_BUSI_with_GT\benign\benign (61).png,578,773,1,True,19209,0.04299296767637882,medium,benign_medium
benign,benign (6).png,../data/Dataset_BUSI_with_GT\benign\benign (6).png,467,558,1,True,7412,0.028443584843391434,small,benign_small
malignant,malignant (83).png,../data/Dataset_BUSI_with_GT\malignant\malignant (83).png,616,654,1,True,20991,0.05210443226498272,medium,malignant_medium
benign,benign (144).png,../data/Dataset_BUSI_with_GT\benign\benign (144).png,580,770,1,True,1256,0.002812360053739364,small,benign_small
malignant,malignant (173).png,../data/Dataset_BUSI_with_GT\malignant\malignant (173).png,451,573,1,True,14986,0.057990194371244044,medium,malignant_medium
benign,benign (8).png,../data/Dataset_BUSI_with_GT\benign\benign (8).png,585,617,1,True,3997,0.011073709290889194,small,benign_small
malignant,malignant (12).png,../data/Dataset_BUSI_with_GT\malignant\malignant (12).png,392,479,1,True,5299,0.028220996122875038,small,malignant_small
benign,benign (257).png,../data/Dataset_BUSI_with_GT\benign\benign (257).png,392,467,1,True,4357,0.023800419525411877,small,benign_small
benign,benign (66).png,../data/Dataset_BUSI_with_GT\benign\benign (66).png,473,562,1,True,8318,0.0312911453356707,small,benign_small
benign,benign (293).png,../data/Dataset_BUSI_with_GT\benign\benign (293).png,389,473,1,True,7486,0.04068544595835802,medium,benign_medium
malignant,malignant (23).png,../data/Dataset_BUSI_with_GT\malignant\malignant (23).png,468,569,1,True,87195,0.32744130503357216,large,malignant_large
malignant,malignant (195).png,../data/Dataset_BUSI_with_GT\malignant\malignant (195).png,475,555,1,True,46680,0.1770697012802276,large,malignant_large
benign,benign (332).png,../data/Dataset_BUSI_with_GT\benign\benign (332).png,531,703,1,True,3636,0.009740338018660945,small,benign_small
malignant,malignant (177).png,../data/Dataset_BUSI_with_GT\malignant\malignant (177).png,581,613,1,True,17348,0.04870940298130298,medium,malignant_medium
malignant,malignant (2).png,../data/Dataset_BUSI_with_GT\malignant\malignant (2).png,495,548,1,True,92533,0.34112290791122907,large,malignant_large
benign,benign (281).png,../data/Dataset_BUSI_with_GT\benign\benign (281).png,392,605,1,True,12791,0.053934052960026985,medium,benign_medium
malignant,malignant (202).png,../data/Dataset_BUSI_with_GT\malignant\malignant (202).png,491,550,1,True,36664,0.1357674504721348,large,malignant_large
benign,benign (191).png,../data/Dataset_BUSI_with_GT\benign\benign (191).png,463,549,1,True,4093,0.016102318371907298,small,benign_small
benign,benign (158).png,../data/Dataset_BUSI_with_GT\benign\benign (158).png,464,556,1,True,36491,0.14144675638799306,large,benign_large
malignant,malignant (132).png,../data/Dataset_BUSI_with_GT\malignant\malignant (132).png,581,451,1,True,84795,0.3236067488197961,large,malignant_large
benign,benign (188).png,../data/Dataset_BUSI_with_GT\benign\benign (188).png,600,655,1,True,176271,0.44852671755725193,large,benign_large
benign,benign (339).png,../data/Dataset_BUSI_with_GT\benign\benign (339).png,465,557,1,True,25868,0.09987451979691511,medium,benign_medium
benign,benign (397).png,../data/Dataset_BUSI_with_GT\benign\benign (397).png,470,554,1,True,30776,0.1181964820646747,large,benign_large
malignant,malignant (101).png,../data/Dataset_BUSI_with_GT\malignant\malignant (101).png,559,883,1,True,68531,0.13883998484593707,large,malignant_large
benign,benign (221).png,../data/Dataset_BUSI_with_GT\benign\benign (221).png,394,610,1,True,2110,0.008779229424981277,small,benign_small
benign,benign (315).png,../data/Dataset_BUSI_with_GT\benign\benign (315).png,470,551,2,True,8256,0.03188014055682125,medium,benign_medium
benign,benign (80).png,../data/Dataset_BUSI_with_GT\benign\benign (80).png,473,561,1,True,60746,0.22892524297822148,large,benign_large
benign,benign (135).png,../data/Dataset_BUSI_with_GT\benign\benign (135).png,582,776,1,True,11136,0.024657243065150387,small,benign_small
benign,benign (123).png,../data/Dataset_BUSI_with_GT\benign\benign (123).png,610,648,1,True,22304,0.05642582473183566,medium,benign_medium
benign,benign (227).png,../data/Dataset_BUSI_with_GT\benign\benign (227).png,468,567,1,True,6774,0.025527969972414417,small,benign_small
malignant,malignant (128).png,../data/Dataset_BUSI_with_GT\malignant\malignant (128).png,468,625,1,True,105745,0.36152136752136754,large,malignant_large
malignant,malignant (158).png,../data/Dataset_BUSI_with_GT\malignant\malignant (158).png,444,313,1,True,34631,0.24919408226117493,large,malignant_large
malignant,malignant (5).png,../data/Dataset_BUSI_with_GT\malignant\malignant (5).png,476,431,1,True,11825,0.05763906490670514,medium,malignant_medium
malignant,malignant (41).png,../data/Dataset_BUSI_with_GT\malignant\malignant (41).png,476,580,1,True,25281,0.09157128368588816,medium,malignant_medium
malignant,malignant (209).png,../data/Dataset_BUSI_with_GT\malignant\malignant (209).png,471,508,1,True,5025,0.021001554741962986,small,malignant_small
malignant,malignant (91).png,../data/Dataset_BUSI_with_GT\malignant\malignant (91).png,494,550,1,True,41721,0.1535553919764446,large,malignant_large
malignant,malignant (97).png,../data/Dataset_BUSI_with_GT\malignant\malignant (97).png,486,583,1,True,51487,0.18171583056279073,large,malignant_large
benign,benign (403).png,../data/Dataset_BUSI_with_GT\benign\benign (403).png,467,549,1,True,35763,0.13949052784310972,large,benign_large
benign,benign (416).png,../data/Dataset_BUSI_with_GT\benign\benign (416).png,574,878,1,True,15080,0.029922297270483282,small,benign_small
benign,benign (268).png,../data/Dataset_BUSI_with_GT\benign\benign (268).png,330,506,1,True,15243,0.09128638160258713,medium,benign_medium
malignant,malignant (190).png,../data/Dataset_BUSI_with_GT\malignant\malignant (190).png,427,576,1,True,22523,0.09157477881863128,medium,malignant_medium
benign,benign (46).png,../data/Dataset_BUSI_with_GT\benign\benign (46).png,468,561,1,True,2423,0.009228788640553346,small,benign_small
malignant,malignant (19).png,../data/Dataset_BUSI_with_GT\malignant\malignant (19).png,459,554,1,True,46355,0.1822947389946753,large,malignant_large
malignant,malignant (200).png,../data/Dataset_BUSI_with_GT\malignant\malignant (200).png,463,438,1,True,12666,0.06245746915589219,medium,malignant_medium
benign,benign (370).png,../data/Dataset_BUSI_with_GT\benign\benign (370).png,458,549,1,True,39306,0.156322332784499,large,benign_large
benign,benign (56).png,../data/Dataset_BUSI_with_GT\benign\benign (56).png,711,806,1,True,34453,0.06012047477951929,medium,benign_medium
benign,benign (430).png,../data/Dataset_BUSI_with_GT\benign\benign (430).png,581,768,1,True,17936,0.04019650028686173,medium,benign_medium
benign,benign (157).png,../data/Dataset_BUSI_with_GT\benign\benign (157).png,465,567,1,True,11014,0.04177428836927045,medium,benign_medium
benign,benign (187).png,../data/Dataset_BUSI_with_GT\benign\benign (187).png,574,730,1,True,6575,0.015691375113359746,small,benign_small
benign,benign (104).png,../data/Dataset_BUSI_with_GT\benign\benign (104).png,578,777,1,True,3930,0.008750718093278646,small,benign_small
benign,benign (163).png,../data/Dataset_BUSI_with_GT\benign\benign (163).png,576,779,2,True,4564,0.010171516188846099,small,benign_small
malignant,malignant (107).png,../data/Dataset_BUSI_with_GT\malignant\malignant (107).png,454,576,1,True,31747,0.12140158467939305,large,malignant_large
malignant,malignant (7).png,../data/Dataset_BUSI_with_GT\malignant\malignant (7).png,474,432,1,True,10196,0.049792936396311924,medium,malignant_medium
malignant,malignant (70).png,../data/Dataset_BUSI_with_GT\malignant\malignant (70).png,463,668,1,True,16182,0.05232084427257795,medium,malignant_medium
benign,benign (211).png,../data/Dataset_BUSI_with_GT\benign\benign (211).png,465,557,1,True,4489,0.017331711743016544,small,benign_small
benign,benign (75).png,../data/Dataset_BUSI_with_GT\benign\benign (75).png,578,685,1,True,14123,0.035670446796150834,medium,benign_medium
malignant,malignant (144).png,../data/Dataset_BUSI_with_GT\malignant\malignant (144).png,470,544,1,True,66146,0.2587061952440551,large,malignant_large
benign,benign (174).png,../data/Dataset_BUSI_with_GT\benign\benign (174).png,490,556,1,True,25662,0.09419321685508736,medium,benign_medium
malignant,malignant (174).png,../data/Dataset_BUSI_with_GT\malignant\malignant (174).png,581,633,1,True,29579,0.08042732881424139,medium,malignant_medium
benign,benign (243).png,../data/Dataset_BUSI_with_GT\benign\benign (243).png,473,561,1,True,27776,0.10467565846250089,large,benign_large
benign,benign (165).png,../data/Dataset_BUSI_with_GT\benign\benign (165).png,464,558,1,True,1624,0.0062724014336917565,small,benign_small
benign,benign (198).png,../data/Dataset_BUSI_with_GT\benign\benign (198).png,571,759,1,True,41224,0.09512008841941073,medium,benign_medium
malignant,malignant (182).png,../data/Dataset_BUSI_with_GT\malignant\malignant (182).png,583,689,1,True,84653,0.2107436884937775,large,malignant_large
malignant,malignant (165).png,../data/Dataset_BUSI_with_GT\malignant\malignant (165).png,332,505,1,True,70769,0.4220982941667661,large,malignant_large
benign,benign (185).png,../data/Dataset_BUSI_with_GT\benign\benign (185).png,592,752,1,True,3335,0.007491284502587694,small,benign_small
malignant,malignant (60).png,../data/Dataset_BUSI_with_GT\malignant\malignant (60).png,559,681,1,True,62164,0.1632976865022762,large,malignant_large
benign,benign (122).png,../data/Dataset_BUSI_with_GT\benign\benign (122).png,577,774,1,True,14179,0.03174891065342881,medium,benign_medium
benign,benign (77).png,../data/Dataset_BUSI_with_GT\benign\benign (77).png,488,551,1,True,7983,0.029688941120466515,small,benign_small
benign,benign (151).png,../data/Dataset_BUSI_with_GT\benign\benign (151).png,469,560,1,True,2318,0.008825769113615595,small,benign_small
benign,benign (385).png,../data/Dataset_BUSI_with_GT\benign\benign (385).png,458,551,1,True,9719,0.03851274776309845,medium,benign_medium
benign,benign (125).png,../data/Dataset_BUSI_with_GT\benign\benign (125).png,578,756,1,True,4905,0.011225078266600758,small,benign_small
malignant,malignant (90).png,../data/Dataset_BUSI_with_GT\malignant\malignant (90).png,587,783,1,True,48021,0.10447956033340514,large,malignant_large
benign,benign (252).png,../data/Dataset_BUSI_with_GT\benign\benign (252).png,398,473,1,True,8957,0.047579334303653575,medium,benign_medium
malignant,malignant (122).png,../data/Dataset_BUSI_with_GT\malignant\malignant (122).png,467,554,1,True,50519,0.1952666609976886,large,malignant_large
benign,benign (99).png,../data/Dataset_BUSI_with_GT\benign\benign (99).png,471,554,1,True,11116,0.042600810933032876,medium,benign_medium
benign,benign (129).png,../data/Dataset_BUSI_with_GT\benign\benign (129).png,587,775,1,True,6490,0.014266087816673078,small,benign_small
benign,benign (371).png,../data/Dataset_BUSI_with_GT\benign\benign (371).png,589,756,1,True,82703,0.18573090432173625,large,benign_large
benign,benign (201).png,../data/Dataset_BUSI_with_GT\benign\benign (201).png,474,556,1,True,6540,0.024815590565522266,small,benign_small
benign,benign (258).png,../data/Dataset_BUSI_with_GT\benign\benign (258).png,389,462,1,True,4412,0.024549572107412723,small,benign_small
malignant,malignant (42).png,../data/Dataset_BUSI_with_GT\malignant\malignant (42).png,439,578,1,True,30381,0.11973185361508934,large,malignant_large
malignant,malignant (135).png,../data/Dataset_BUSI_with_GT\malignant\malignant (135).png,571,933,1,True,38263,0.07182262366657094,medium,malignant_medium
malignant,malignant (33).png,../data/Dataset_BUSI_with_GT\malignant\malignant (33).png,496,557,1,True,60717,0.21977254300110036,large,malignant_large
malignant,malignant (72).png,../data/Dataset_BUSI_with_GT\malignant\malignant (72).png,598,528,1,True,122106,0.38672468835512314,large,malignant_large
benign,benign (263).png,../data/Dataset_BUSI_with_GT\benign\benign (263).png,390,465,1,True,5734,0.03161841742486904,small,benign_small
benign,benign (126).png,../data/Dataset_BUSI_with_GT\benign\benign (126).png,570,771,1,True,5662,0.012883700821444011,small,benign_small
benign,benign (301).png,../data/Dataset_BUSI_with_GT\benign\benign (301).png,383,463,1,True,893,0.0050358373418899335,small,benign_small
malignant,malignant (49).png,../data/Dataset_BUSI_with_GT\malignant\malignant (49).png,491,622,1,True,18352,0.06009128951349369,medium,malignant_medium
benign,benign (428).png,../data/Dataset_BUSI_with_GT\benign\benign (428).png,382,769,1,True,17602,0.05992007026191627,medium,benign_medium
benign,benign (48).png,../data/Dataset_BUSI_with_GT\benign\benign (48).png,583,775,1,True,33097,0.07325181209539092,medium,benign_medium
benign,benign (401).png,../data/Dataset_BUSI_with_GT\benign\benign (401).png,469,557,1,True,28568,0.10935831231123173,large,benign_large
benign,benign (176).png,../data/Dataset_BUSI_with_GT\benign\benign (176).png,487,715,1,True,4951,0.014218635573871714,small,benign_small
benign,benign (202).png,../data/Dataset_BUSI_with_GT\benign\benign (202).png,469,552,1,True,1568,0.006056673155959333,small,benign_small
malignant,malignant (149).png,../data/Dataset_BUSI_with_GT\malignant\malignant (149).png,572,763,1,True,34306,0.07860488135717493,medium,malignant_medium
benign,benign (133).png,../data/Dataset_BUSI_with_GT\benign\benign (133).png,342,369,1,True,1202,0.009524715130192237,small,benign_small
benign,benign (277).png,../data/Dataset_BUSI_with_GT\benign\benign (277).png,469,556,1,True,20290,0.077809820373978,medium,benign_medium
malignant,malignant (124).png,../data/Dataset_BUSI_with_GT\malignant\malignant (124).png,494,545,1,True,44941,0.16692419121197488,large,malignant_large
malignant,malignant (81).png,../data/Dataset_BUSI_with_GT\malignant\malignant (81).png,452,764,1,True,30692,0.08887782050688041,medium,malignant_medium
benign,benign (12).png,../data/Dataset_BUSI_with_GT\benign\benign (12).png,571,678,1,True,2890,0.007465038306753664,small,benign_small
benign,benign (134).png,../data/Dataset_BUSI_with_GT\benign\benign (134).png,345,378,1,True,1257,0.009638831377961813,small,benign_small
malignant,malignant (105).png,../data/Dataset_BUSI_with_GT\malignant\malignant (105).png,450,577,1,True,7245,0.027902946273830154,small,malignant_small
benign,benign (37).png,../data/Dataset_BUSI_with_GT\benign\benign (37).png,468,557,1,True,4498,0.01725513664472372,small,benign_small
malignant,malignant (20).png,../data/Dataset_BUSI_with_GT\malignant\malignant (20).png,475,558,1,True,51359,0.1937709866063007,large,malignant_large
malignant,malignant (207).png,../data/Dataset_BUSI_with_GT\malignant\malignant (207).png,458,557,1,True,28227,0.11064812274113506,large,malignant_large
benign,benign (249).png,../data/Dataset_BUSI_with_GT\benign\benign (249).png,395,465,1,True,9112,0.04960936436640806,medium,benign_medium
benign,benign (113).png,../data/Dataset_BUSI_with_GT\benign\benign (113).png,695,810,1,True,21535,0.038253841371347366,medium,benign_medium
benign,benign (3).png,../data/Dataset_BUSI_with_GT\benign\benign (3).png,471,558,1,True,7022,0.02671810910972612,small,benign_small
benign,benign (213).png,../data/Dataset_BUSI_with_GT\benign\benign (213).png,486,573,1,True,10555,0.037902455490200306,medium,benign_medium
benign,benign (341).png,../data/Dataset_BUSI_with_GT\benign\benign (341).png,562,683,1,True,55940,0.1457355293529176,large,benign_large
benign,benign (381).png,../data/Dataset_BUSI_with_GT\benign\benign (381).png,576,747,1,True,31694,0.07366038226982002,medium,benign_medium
benign,benign (292).png,../data/Dataset_BUSI_with_GT\benign\benign (292).png,391,460,1,True,7267,0.04040364728121872,medium,benign_medium
malignant,malignant (84).png,../data/Dataset_BUSI_with_GT\malignant\malignant (84).png,612,649,1,True,39438,0.09929303000090638,medium,malignant_medium
benign,benign (140).png,../data/Dataset_BUSI_with_GT\benign\benign (140).png,591,452,1,True,51903,0.19429720138358564,large,benign_large
benign,benign (331).png,../data/Dataset_BUSI_with_GT\benign\benign (331).png,527,695,1,True,6488,0.017713950281899718,small,benign_small
benign,benign (142).png,../data/Dataset_BUSI_with_GT\benign\benign (142).png,582,785,1,True,4471,0.00978615361043623,small,benign_small
benign,benign (29).png,../data/Dataset_BUSI_with_GT\benign\benign (29).png,462,561,1,True,1415,0.005459484069109738,small,benign_small
benign,benign (167).png,../data/Dataset_BUSI_with_GT\benign\benign (167).png,463,566,1,True,2564,0.00978409359760053,small,benign_small
benign,benign (205).png,../data/Dataset_BUSI_with_GT\benign\benign (205).png,477,557,1,True,59848,0.22525584423894102,large,benign_large
malignant,malignant (157).png,../data/Dataset_BUSI_with_GT\malignant\malignant (157).png,471,564,1,True,5265,0.019819758774901747,small,malignant_small
benign,benign (238).png,../data/Dataset_BUSI_with_GT\benign\benign (238).png,469,556,1,True,23244,0.08913807120614808,medium,benign_medium
benign,benign (173).png,../data/Dataset_BUSI_with_GT\benign\benign (173).png,573,726,2,True,42335,0.10176731618902014,medium,benign_medium
malignant,malignant (48).png,../data/Dataset_BUSI_with_GT\malignant\malignant (48).png,493,552,1,True,12628,0.04640326895375842,medium,malignant_medium
benign,benign (327).png,../data/Dataset_BUSI_with_GT\benign\benign (327).png,578,689,1,True,34279,0.08607580315486564,medium,benign_medium
benign,benign (246).png,../data/Dataset_BUSI_with_GT\benign\benign (246).png,331,526,1,True,1378,0.007914718619691452,small,benign_small
benign,benign (171).png,../data/Dataset_BUSI_with_GT\benign\benign (171).png,463,566,1,True,1369,0.0052240343740698626,small,benign_small
benign,benign (155).png,../data/Dataset_BUSI_with_GT\benign\benign (155).png,583,783,1,True,60771,0.1331269756773986,large,benign_large
benign,benign (199).png,../data/Dataset_BUSI_with_GT\benign\benign (199).png,473,556,1,True,48810,0.1855978219538534,large,benign_large
malignant,malignant (192).png,../data/Dataset_BUSI_with_GT\malignant\malignant (192).png,488,556,1,True,5806,0.021398455006486614,small,malignant_small
malignant,malignant (9).png,../data/Dataset_BUSI_with_GT\malignant\malignant (9).png,480,430,1,True,10863,0.05263081395348837,medium,malignant_medium
benign,benign (372).png,../data/Dataset_BUSI_with_GT\benign\benign (372).png,469,544,1,True,19410,0.07607707262009282,medium,benign_medium
malignant,malignant (108).png,../data/Dataset_BUSI_with_GT\malignant\malignant (108).png,459,660,1,True,47983,0.1583911005479633,large,malignant_large
malignant,malignant (50).png,../data/Dataset_BUSI_with_GT\malignant\malignant (50).png,469,567,1,True,21336,0.08023375187554292,medium,malignant_medium
benign,benign (421).png,../data/Dataset_BUSI_with_GT\benign\benign (421).png,487,551,1,True,39998,0.14905883273644707,large,benign_large
malignant,malignant (206).png,../data/Dataset_BUSI_with_GT\malignant\malignant (206).png,571,792,1,True,145206,0.32108740646393885,large,malignant_large
benign,benign (222).png,../data/Dataset_BUSI_with_GT\benign\benign (222).png,392,605,1,True,8311,0.03504385225164446,medium,benign_medium
benign,benign (260).png,../data/Dataset_BUSI_with_GT\benign\benign (260).png,331,498,1,True,9149,0.0555029786821,medium,benign_medium
benign,benign (387).png,../data/Dataset_BUSI_with_GT\benign\benign (387).png,486,549,1,True,19230,0.07207267984438598,medium,benign_medium
malignant,malignant (151).png,../data/Dataset_BUSI_with_GT\malignant\malignant (151).png,467,513,1,True,43830,0.18295202674781172,large,malignant_large
benign,benign (145).png,../data/Dataset_BUSI_with_GT\benign\benign (145).png,574,779,1,True,8622,0.019282292584524966,small,benign_small
malignant,malignant (210).png,../data/Dataset_BUSI_with_GT\malignant\malignant (210).png,587,775,1,True,100618,0.22117491894268285,large,malignant_large
malignant,malignant (156).png,../data/Dataset_BUSI_with_GT\malignant\malignant (156).png,457,562,1,True,108947,0.4241922798383392,large,malignant_large
benign,benign (119).png,../data/Dataset_BUSI_with_GT\benign\benign (119).png,585,762,1,True,5148,0.011548556430446194,small,benign_small
benign,benign (350).png,../data/Dataset_BUSI_with_GT\benign\benign (350).png,580,786,1,True,61134,0.13410107923137668,large,benign_large
benign,benign (337).png,../data/Dataset_BUSI_with_GT\benign\benign (337).png,487,555,1,True,7091,0.02623527017777531,small,benign_small
malignant,malignant (114).png,../data/Dataset_BUSI_with_GT\malignant\malignant (114).png,439,340,1,True,27988,0.18751172450757067,large,malignant_large
benign,benign (169).png,../data/Dataset_BUSI_with_GT\benign\benign (169).png,469,561,1,True,1396,0.005305785815004428,small,benign_small
benign,benign (197).png,../data/Dataset_BUSI_with_GT\benign\benign (197).png,465,547,1,True,3583,0.014086611232332763,small,benign_small
benign,benign (328).png,../data/Dataset_BUSI_with_GT\benign\benign (328).png,567,685,1,True,2370,0.006102035299115591,small,benign_small
malignant,malignant (28).png,../data/Dataset_BUSI_with_GT\malignant\malignant (28).png,470,562,1,True,8802,0.03332323767698948,medium,malignant_medium
benign,benign (265).png,../data/Dataset_BUSI_with_GT\benign\benign (265).png,328,544,1,True,12086,0.06773448708751793,medium,benign_medium
benign,benign (340).png,../data/Dataset_BUSI_with_GT\benign\benign (340).png,425,770,1,True,84566,0.2584140565317036,large,benign_large
malignant,malignant (169).png,../data/Dataset_BUSI_with_GT\malignant\malignant (169).png,463,557,1,True,1305,0.005060277404019527,small,malignant_small
benign,benign (193).png,../data/Dataset_BUSI_with_GT\benign\benign (193).png,580,754,1,True,4502,0.01029452117442605,small,benign_small
benign,benign (354).png,../data/Dataset_BUSI_with_GT\benign\benign (354).png,605,606,1,True,32629,0.08899708152633445,medium,benign_medium
benign,benign (276).png,../data/Dataset_BUSI_with_GT\benign\benign (276).png,474,550,1,True,30396,0.11659378596087457,large,benign_large
malignant,malignant (32).png,../data/Dataset_BUSI_with_GT\malignant\malignant (32).png,492,557,1,True,43141,0.1574236254032199,large,malignant_large
benign,benign (424).png,../data/Dataset_BUSI_with_GT\benign\benign (424).png,469,544,2,True,5376,0.021071115013169446,small,benign_small
benign,benign (254).png,../data/Dataset_BUSI_with_GT\benign\benign (254).png,389,473,1,True,1013,0.005505524546595869,small,benign_small
benign,benign (5).png,../data/Dataset_BUSI_with_GT\benign\benign (5).png,496,549,1,True,3409,0.012519096304130678,small,benign_small
malignant,malignant (188).png,../data/Dataset_BUSI_with_GT\malignant\malignant (188).png,473,724,1,True,45445,0.1327047294219336,large,malignant_large
benign,benign (164).png,../data/Dataset_BUSI_with_GT\benign\benign (164).png,470,560,1,True,41483,0.15761018237082067,large,benign_large
benign,benign (128).png,../data/Dataset_BUSI_with_GT\benign\benign (128).png,475,549,1,True,3891,0.014920908829450677,small,benign_small
benign,benign (425).png,../data/Dataset_BUSI_with_GT\benign\benign (425).png,469,544,1,True,5124,0.02008340649692713,small,benign_small
benign,benign (124).png,../data/Dataset_BUSI_with_GT\benign\benign (124).png,614,645,1,True,7566,0.019104613286872206,small,benign_small
malignant,malignant (163).png,../data/Dataset_BUSI_with_GT\malignant\malignant (163).png,570,643,1,True,167411,0.4567706201740744,large,malignant_large
benign,benign (310).png,../data/Dataset_BUSI_with_GT\benign\benign (310).png,468,544,1,True,18371,0.07215859100050276,medium,benign_medium
malignant,malignant (92).png,../data/Dataset_BUSI_with_GT\malignant\malignant (92).png,581,617,1,True,22068,0.06156043483961314,medium,malignant_medium
benign,benign (177).png,../data/Dataset_BUSI_with_GT\benign\benign (177).png,470,562,1,True,2830,0.01071401529491936,small,benign_small
benign,benign (330).png,../data/Dataset_BUSI_with_GT\benign\benign (330).png,567,669,1,True,51960,0.13698088436503983,large,benign_large
benign,benign (236).png,../data/Dataset_BUSI_with_GT\benign\benign (236).png,469,566,1,True,80548,0.3034348700716508,large,benign_large
malignant,malignant (172).png,../data/Dataset_BUSI_with_GT\malignant\malignant (172).png,469,602,1,True,18664,0.06610516473163372,medium,malignant_medium
benign,benign (156).png,../data/Dataset_BUSI_with_GT\benign\benign (156).png,581,887,1,True,9573,0.018575833370525104,small,benign_small
malignant,malignant (11).png,../data/Dataset_BUSI_with_GT\malignant\malignant (11).png,393,471,1,True,11540,0.06234366811991162,medium,malignant_medium
benign,benign (7).png,../data/Dataset_BUSI_with_GT\benign\benign (7).png,578,624,1,True,2204,0.00611081536687073,small,benign_small
benign,benign (106).png,../data/Dataset_BUSI_with_GT\benign\benign (106).png,716,808,1,True,11670,0.020171884506886444,small,benign_small
benign,benign (121).png,../data/Dataset_BUSI_with_GT\benign\benign (121).png,610,646,1,True,17725,0.04498045982845252,medium,benign_medium
malignant,malignant (109).png,../data/Dataset_BUSI_with_GT\malignant\malignant (109).png,471,552,1,True,20068,0.07718699036893444,medium,malignant_medium
benign,benign (183).png,../data/Dataset_BUSI_with_GT\benign\benign (183).png,683,916,1,True,4710,0.007528435428081863,small,benign_small
benign,benign (146).png,../data/Dataset_BUSI_with_GT\benign\benign (146).png,594,449,1,True,1503,0.00563541877573058,small,benign_small
benign,benign (152).png,../data/Dataset_BUSI_with_GT\benign\benign (152).png,471,555,1,True,61557,0.23548516669535777,large,benign_large
malignant,malignant (205).png,../data/Dataset_BUSI_with_GT\malignant\malignant (205).png,470,510,1,True,87721,0.3659616186900292,large,malignant_large
benign,benign (116).png,../data/Dataset_BUSI_with_GT\benign\benign (116).png,588,766,1,True,5501,0.012213370988081916,small,benign_small
benign,benign (18).png,../data/Dataset_BUSI_with_GT\benign\benign (18).png,469,564,1,True,52485,0.19841899922878012,large,benign_large
benign,benign (368).png,../data/Dataset_BUSI_with_GT\benign\benign (368).png,575,689,1,True,7759,0.019584779453524326,small,benign_small
malignant,malignant (123).png,../data/Dataset_BUSI_with_GT\malignant\malignant (123).png,483,321,1,True,30076,0.19398489451313505,large,malignant_large
benign,benign (219).png,../data/Dataset_BUSI_with_GT\benign\benign (219).png,396,608,1,True,6119,0.025414506911217438,small,benign_small
benign,benign (72).png,../data/Dataset_BUSI_with_GT\benign\benign (72).png,465,557,1,True,20685,0.07986332310187062,medium,benign_medium
benign,benign (384).png,../data/Dataset_BUSI_with_GT\benign\benign (384).png,425,760,1,True,30669,0.09495046439628484,medium,benign_medium
benign,benign (344).png,../data/Dataset_BUSI_with_GT\benign\benign (344).png,434,576,1,True,12223,0.04889512928827445,medium,benign_medium
malignant,malignant (52).png,../data/Dataset_BUSI_with_GT\malignant\malignant (52).png,462,552,1,True,52998,0.20781573498964803,large,malignant_large
benign,benign (264).png,../data/Dataset_BUSI_with_GT\benign\benign (264).png,391,462,1,True,16253,0.08997353882264368,medium,benign_medium
benign,benign (316).png,../data/Dataset_BUSI_with_GT\benign\benign (316).png,469,550,1,True,91164,0.353417328939717,large,benign_large
malignant,malignant (10).png,../data/Dataset_BUSI_with_GT\malignant\malignant (10).png,393,462,1,True,5469,0.030121278212881266,small,malignant_small
benign,benign (22).png,../data/Dataset_BUSI_with_GT\benign\benign (22).png,463,562,1,True,13641,0.0524238487967226,medium,benign_medium
malignant,malignant (66).png,../data/Dataset_BUSI_with_GT\malignant\malignant (66).png,584,655,1,True,21299,0.05568074871902123,medium,malignant_medium
malignant,malignant (111).png,../data/Dataset_BUSI_with_GT\malignant\malignant (111).png,470,421,1,True,41870,0.21160357810683783,large,malignant_large
benign,benign (297).png,../data/Dataset_BUSI_with_GT\benign\benign (297).png,390,467,1,True,5433,0.029830340965244607,small,benign_small
benign,benign (70).png,../data/Dataset_BUSI_with_GT\benign\benign (70).png,475,713,1,True,3495,0.010319627961910386,small,benign_small
malignant,malignant (197).png,../data/Dataset_BUSI_with_GT\malignant\malignant (197).png,484,552,1,True,29061,0.10877425440172475,large,malignant_large
benign,benign (262).png,../data/Dataset_BUSI_with_GT\benign\benign (262).png,401,471,1,True,42646,0.22579432522727153,large,benign_large
malignant,malignant (115).png,../data/Dataset_BUSI_with_GT\malignant\malignant (115).png,438,581,1,True,20719,0.08141764710505427,medium,malignant_medium
benign,benign (314).png,../data/Dataset_BUSI_with_GT\benign\benign (314).png,493,554,1,True,17929,0.06564465696648385,medium,benign_medium
benign,benign (245).png,../data/Dataset_BUSI_with_GT\benign\benign (245).png,465,560,1,True,5649,0.021693548387096775,small,benign_small
malignant,malignant (77).png,../data/Dataset_BUSI_with_GT\malignant\malignant (77).png,587,801,1,True,52504,0.1116662094017912,large,malignant_large
benign,benign (412).png,../data/Dataset_BUSI_with_GT\benign\benign (412).png,576,779,1,True,179884,0.4008968050206818,large,benign_large
malignant,malignant (16).png,../data/Dataset_BUSI_with_GT\malignant\malignant (16).png,472,511,1,True,48943,0.20292132409035127,large,malignant_large
benign,benign (422).png,../data/Dataset_BUSI_with_GT\benign\benign (422).png,487,768,1,True,68711,0.18371139202600958,large,benign_large
malignant,malignant (73).png,../data/Dataset_BUSI_with_GT\malignant\malignant (73).png,474,549,1,True,9757,0.0374943318500073,medium,malignant_medium
benign,benign (36).png,../data/Dataset_BUSI_with_GT\benign\benign (36).png,474,526,1,True,25483,0.10220837143636392,medium,benign_medium
benign,benign (131).png,../data/Dataset_BUSI_with_GT\benign\benign (131).png,435,587,1,True,67475,0.2642503279876246,large,benign_large
benign,benign (318).png,../data/Dataset_BUSI_with_GT\benign\benign (318).png,465,554,1,True,1041,0.004040992197507861,small,benign_small
benign,benign (244).png,../data/Dataset_BUSI_with_GT\benign\benign (244).png,475,561,1,True,5479,0.020561028239046816,small,benign_small
