index,image_name,class,size_group,lesion_area_ratio,unet_dice,unet_iou,resnet_dice,resnet_iou,attention_dice,attention_iou,resnet_gain_vs_unet,attention_change_vs_resnet,mean_dice
0,benign (261).png,benign,large,0.12226985,0.842617035,0.728036523,0.944828808,0.895427048,0.95717448,0.917866409,0.102211773,0.012345672,0.914873441
1,benign (47).png,benign,small,0.005117003,0.375,0.230769232,0.885844767,0.795081973,0.839694679,0.723684192,0.510844767,-0.046150088,0.700179815
2,benign (303).png,benign,medium,0.05088618,0.862582564,0.758369386,0.92844975,0.866454661,0.924638927,0.859840453,0.065867186,-0.003810823,0.905223747
3,benign (91).png,benign,small,0.006044862,0.889987648,0.801781714,0.89952153,0.817391276,0.854838729,0.746478856,0.009533882,-0.044682801,0.881449302
4,benign (192).png,benign,small,0.031062276,0.921468377,0.854373097,0.958518505,0.920341372,0.95803678,0.919453621,0.037050128,-0.000481725,0.946007888
5,malignant (37).png,malignant,large,0.214598683,0.613148391,0.442115396,0.619708896,0.448969692,0.047065299,0.024099782,0.006560504,-0.572643597,0.426640862
6,benign (253).png,benign,medium,0.037376853,0.883022964,0.790547073,0.94941175,0.903695405,0.894250095,0.808727264,0.066388786,-0.055161655,0.908894936
7,benign (101).png,benign,small,0.015647824,0.70198673,0.540816307,0.956434667,0.916506708,0.948984623,0.902921796,0.254447937,-0.007450044,0.86913534
8,malignant (68).png,malignant,large,0.275899616,0.70055604,0.53911984,0.610020638,0.438870281,0.780083239,0.639456153,-0.090535402,0.170062602,0.696886639
9,benign (342).png,benign,large,0.240380814,0.001269922,0.000635364,0.838481665,0.721884131,6.34E-11,6.34E-11,0.837211743,-0.838481665,0.279917196
10,malignant (103).png,malignant,large,0.197252991,0.666799128,0.500149012,0.772918105,0.629883051,0.854345977,0.745727777,0.106118977,0.081427872,0.764687737
11,malignant (139).png,malignant,large,0.121621206,0.752793968,0.60358429,0.907108307,0.830007493,0.931041241,0.870979607,0.154314339,0.023932934,0.863647838
12,malignant (27).png,malignant,small,0.027947647,0.901884675,0.821302354,0.870215297,0.77024883,0.589792073,0.418230563,-0.031669378,-0.280423224,0.787297348
13,benign (84).png,benign,large,0.105216294,0.262542784,0.15110749,0.745165467,0.593835592,0.555027544,0.384109437,0.482622683,-0.190137923,0.520911932
14,benign (355).png,benign,large,0.142106234,0.597923458,0.426455677,0.969269395,0.940371275,0.971330762,0.944259584,0.371345937,0.002061367,0.846174538
15,benign (195).png,benign,large,0.35099311,0.663309336,0.49623251,0.934981823,0.87790221,0.836431682,0.718850493,0.271672487,-0.098550141,0.81157428
16,malignant (99).png,malignant,medium,0.057863823,0.15028055,0.081245057,0.643099427,0.473947376,0.704141021,0.543377817,0.492818877,0.061041594,0.499173666
17,benign (239).png,benign,small,0.023508759,0.805904865,0.6749084,0.858941317,0.752758265,0.92761904,0.865008891,0.053036451,0.068677723,0.864155074
18,malignant (159).png,malignant,large,0.212860832,0.811601579,0.682937264,0.68045181,0.5156703,0.518892229,0.350340605,-0.131149769,-0.161559582,0.670315206
19,benign (150).png,benign,small,0.004771616,0.718244791,0.560360372,0.829333305,0.708428264,0.816599727,0.690045238,0.111088514,-0.012733579,0.788059274
20,benign (224).png,benign,large,0.125450464,0.809759855,0.680333197,0.811384141,0.682629406,0.818493128,0.692753613,0.001624286,0.007108986,0.813212375
21,benign (417).png,benign,small,0.028236163,0.905919373,0.828018844,0.953370631,0.910896122,0.949187517,0.903289139,0.047451258,-0.004183114,0.936159174
22,benign (67).png,benign,large,0.183589795,0.913324058,0.840475082,0.909384012,0.833826005,0.915629923,0.844388783,-0.003940046,0.006245911,0.912779331
23,benign (305).png,benign,small,0.023092115,0.919950724,0.851767361,0.922302604,0.855808496,0.944892466,0.89554143,0.00235188,0.022589862,0.929048598
24,benign (50).png,benign,small,0.028442146,0.872272611,0.77347827,0.886750579,0.796542525,0.913178265,0.84022826,0.014477968,0.026427686,0.890733818
25,malignant (167).png,malignant,large,0.222845246,0.822341263,0.698284805,0.929567933,0.868404448,0.942415416,0.891101718,0.10722667,0.012847483,0.898108204
26,malignant (134).png,malignant,medium,0.062244851,0.753755033,0.604820907,0.78020823,0.639624059,0.828621686,0.707390308,0.026453197,0.048413455,0.787528316
27,benign (114).png,benign,medium,0.050430188,3.02E-10,3.02E-10,3.02E-10,3.02E-10,0.182472989,0.100396298,0,0.182472989,0.06082433
28,benign (10).png,benign,medium,0.082386655,0.847202659,0.73491025,0.972364724,0.946215808,0.959538579,0.922224104,0.125162065,-0.012826145,0.926368654
29,malignant (58).png,malignant,large,0.200961699,0.699411809,0.537765741,0.796532512,0.661864579,0.771007419,0.627349079,0.097120702,-0.025525093,0.75565058
30,benign (110).png,benign,large,0.145237545,0.732101023,0.577412724,0.948456824,0.901966631,0.967114687,0.936323404,0.216355801,0.018657863,0.882557511
31,malignant (44).png,malignant,small,0.030552175,0.635460973,0.465696454,0.711262465,0.551906407,0.880308867,0.786206901,0.075801492,0.169046402,0.742344101
32,malignant (38).png,malignant,medium,0.034559154,0.391153842,0.243126944,0.733345687,0.578962803,0.901878893,0.821292758,0.342191845,0.168533206,0.675459474
33,benign (407).png,benign,large,0.357743194,0.15511632,0.084079184,3.52E-11,3.52E-11,4.03E-11,4.03E-11,-0.15511632,5.12E-12,0.05170544
34,benign (389).png,benign,small,0.027185608,0.289844722,0.169484451,0.930845201,0.870636523,0.943281949,0.892652452,0.641000479,0.012436748,0.721323957
35,benign (235).png,benign,medium,0.083035714,0.743925929,0.592262745,0.74230504,0.590210736,1.84E-10,1.84E-10,-0.001620889,-0.74230504,0.495410323
36,benign (271).png,benign,medium,0.032455822,0.87200582,0.773058772,0.752411604,0.60309279,0.857069671,0.749887943,-0.119594216,0.104658067,0.827162365
37,benign (31).png,benign,small,0.006189475,0.479857832,0.315666407,0.949999988,0.90476191,0.937649906,0.882618487,0.470142156,-0.012350082,0.789169242
38,benign (418).png,benign,small,0.029470987,0.902789533,0.822804332,0.908847213,0.83292383,0.927505314,0.864811122,0.00605768,0.018658102,0.913047353
39,benign (388).png,benign,small,0.018401323,0.525366426,0.356269121,0.90661478,0.829181492,0.919482708,0.850965261,0.381248355,0.012867928,0.783821305
40,benign (168).png,benign,medium,0.047242774,0.954108536,0.91224432,0.964940012,0.932255089,0.963194966,0.929003,0.010831475,-0.001745045,0.960747838
41,malignant (47).png,malignant,large,0.200788056,0.822049797,0.697864652,0.847849309,0.73588407,0.906907618,0.829671502,0.025799513,0.059058309,0.858935575
42,benign (436).png,benign,medium,0.096084018,0.781695604,0.641625881,0.942636669,0.891497374,0.934854984,0.877678573,0.160941064,-0.007781684,0.886395752
43,benign (291).png,benign,small,0.011090395,0.945307195,0.896286786,0.923935771,0.858625174,0.931351721,0.871523201,-0.021371424,0.00741595,0.933531562
44,malignant (53).png,malignant,medium,0.059257684,0.835386336,0.717307687,0.834392786,0.715843856,0.735161781,0.581229866,-0.00099355,-0.099231005,0.801646968
45,benign (369).png,benign,small,0.011914423,0.552631557,0.381818175,0.946692348,0.898780465,0.93650794,0.880596995,0.394060791,-0.010184407,0.811943948
46,benign (296).png,benign,large,0.131982495,0.925755978,0.861774385,0.937804163,0.882891953,0.932494938,0.873527467,0.012048185,-0.005309224,0.93201836
47,benign (87).png,benign,small,0.02023816,0.472902894,0.309674382,0.839631617,0.723590612,0.868308723,0.767266393,0.366728723,0.028677106,0.726947745
48,benign (360).png,benign,medium,0.040406385,0.349935979,0.212074175,0.366674006,0.224495292,0.857242107,0.750151992,0.016738027,0.490568101,0.524617364
49,benign (378).png,benign,small,0.030817392,0.801038742,0.668110609,0.931026518,0.870953798,0.918548942,0.849367082,0.129987776,-0.012477577,0.883538067
50,benign (63).png,benign,small,0.009841009,0.866666675,0.764705896,0.928035975,0.865734279,0.943338454,0.892753601,0.0613693,0.015302479,0.912680368
51,benign (147).png,benign,small,0.014249498,0.283251226,0.164992824,0.513137579,0.34511435,0.587312877,0.415741682,0.229886353,0.074175298,0.461233894
52,malignant (127).png,malignant,large,0.294080752,0.827399313,0.705610514,0.901485443,0.820640385,0.92794323,0.86557281,0.07408613,0.026457787,0.885609329
53,benign (352).png,benign,small,0.010630229,0.81093657,0.681996107,0.949538052,0.903924227,0.939625263,0.886125684,0.138601482,-0.009912789,0.900033295
54,malignant (13).png,malignant,medium,0.08398034,0.838939667,0.722563386,0.825132906,0.702320218,0.827084899,0.705153286,-0.01380676,0.001951993,0.830385824
55,benign (228).png,benign,large,0.115843013,0.706207633,0.545843065,0.806443572,0.675664425,0.475337893,0.311766058,0.100235939,-0.331105679,0.662663033
56,benign (241).png,benign,medium,0.045379332,0.413317531,0.260491669,0.932827592,0.874111354,0.915574729,0.844294906,0.519510061,-0.017252862,0.753906618
57,malignant (22).png,malignant,large,0.153512473,0.847319543,0.735086262,0.865127802,0.762313008,0.84847939,0.73683387,0.017808259,-0.016648412,0.853642245
58,benign (9).png,benign,large,0.110895163,0.838271201,0.721572161,0.975084603,0.95138061,0.970321,0.942352951,0.136813402,-0.004763603,0.927892268
59,benign (419).png,benign,small,0.023975014,0.92144376,0.854330719,0.933292329,0.874927938,0.940472424,0.887633741,0.011848569,0.007180095,0.931736171
60,benign (345).png,benign,small,0.009448126,0.931297719,0.871428549,0.898194969,0.81520313,0.894658744,0.809395969,-0.033102751,-0.003536224,0.908050478
61,benign (82).png,benign,medium,0.048311189,0.775147915,0.63285023,0.946302533,0.898078024,0.954636335,0.913209796,0.171154618,0.008333802,0.892028928
62,malignant (168).png,malignant,large,0.191817267,0.90044421,0.818916321,0.899618268,0.817551136,0.882475376,0.789669812,-0.000825942,-0.017142892,0.894179285
63,malignant (86).png,malignant,large,0.232982634,0.801469445,0.668710113,0.919683635,0.851309538,0.926184297,0.862516999,0.11821419,0.006500661,0.882445792
64,malignant (179).png,malignant,large,0.127674681,0.679027736,0.514036357,0.697524726,0.535537779,1.20E-10,1.20E-10,0.01849699,-0.697524726,0.458850821
65,malignant (56).png,malignant,large,0.190027477,0.70932287,0.549574196,0.912060499,0.838337541,0.908765197,0.832786143,0.202737629,-0.003295302,0.843382855
66,benign (217).png,benign,medium,0.087014423,0.895141482,0.810186505,0.951105058,0.90676862,0.935324192,0.878506124,0.055963576,-0.015780866,0.927190244
67,malignant (61).png,malignant,medium,0.031844186,0.628431618,0.458184689,0.64327848,0.474141866,0.620144844,0.449427485,0.014846861,-0.023133636,0.630618314
68,malignant (34).png,malignant,medium,0.037923764,0.654488087,0.486423135,0.840093613,0.724277079,0.847747564,0.735730767,0.185605526,0.007653952,0.780776421
69,benign (270).png,benign,small,0.022231707,0.928804696,0.867073178,0.903288841,0.823634207,0.941974878,0.890314281,-0.025515854,0.038686037,0.924689472
70,benign (437).png,benign,small,0.003910702,0.826890767,0.704871058,0.830115855,0.709570944,0.817813754,0.691780806,0.003225088,-0.012302101,0.824940125
71,benign (364).png,benign,medium,0.051605181,0.85232985,0.742660999,0.933790922,0.875804722,0.947748244,0.900685847,0.081461072,0.013957322,0.911289672
72,benign (149).png,benign,medium,0.034709755,0.461883396,0.300291538,0.937042475,0.881542683,0.944725752,0.895241916,0.475159079,0.007683277,0.781217208
73,benign (365).png,benign,small,0.031318519,0.904601574,0.825819671,0.938552797,0.884219944,0.932056963,0.872759044,0.033951223,-0.006495833,0.925070445
74,malignant (125).png,malignant,medium,0.050319492,0.843331575,0.729103982,0.801555395,0.668829739,0.859707475,0.753935874,-0.04177618,0.05815208,0.834864815
75,malignant (138).png,malignant,large,0.119810362,0.790993989,0.654251516,0.848030031,0.736156344,0.075818919,0.039403215,0.057036042,-0.772211112,0.571614313
76,benign (23).png,benign,medium,0.041692631,0.935428917,0.878690839,0.941538453,0.889534891,0.941719532,0.889858246,0.006109536,0.000181079,0.939562301
77,benign (226).png,benign,small,0.029374364,0.867751539,0.766396761,0.844028533,0.730146468,0.888084769,0.798698306,-0.023723006,0.044056237,0.866621614
78,benign (393).png,benign,large,0.257708054,0.835309267,0.717194021,0.887087166,0.797085941,0.808042705,0.677912474,0.051777899,-0.079044461,0.843479713
79,benign (274).png,benign,large,0.141994685,0.873288751,0.775077641,0.956271052,0.91620636,0.931126118,0.871128142,0.082982302,-0.025144935,0.92022864
80,benign (326).png,benign,medium,0.100866461,0.815186441,0.688029289,0.960637987,0.924257338,0.95096904,0.90652144,0.145451546,-0.009668946,0.908931156
81,benign (180).png,benign,small,0.02520533,0.949852526,0.904494405,0.965538442,0.933372974,0.957081556,0.917695463,0.015685916,-0.008456886,0.957490842
82,benign (220).png,benign,medium,0.031787497,0.845446169,0.732270896,0.504074931,0.336965352,0.701545775,0.540293038,-0.341371238,0.197470844,0.683688958
83,benign (391).png,benign,large,0.135930252,0.385103881,0.23846975,0.776972234,0.635285854,0.023775136,0.012030583,0.391868353,-0.753197098,0.395283751
84,malignant (126).png,malignant,medium,0.06980011,0.880994678,0.7873016,0.888305128,0.799054801,0.89108026,0.803556979,0.00731045,0.002775133,0.886793355
85,malignant (194).png,malignant,large,0.129813671,0.611971796,0.440892875,0.911099672,0.8367154,0.868083,0.76691401,0.299127877,-0.043016672,0.797051489
86,benign (196).png,benign,medium,0.034358963,0.005699255,0.002857771,0.785981834,0.647421777,0.788112044,0.65031755,0.780282579,0.00213021,0.526597711
87,benign (353).png,benign,small,0.011298053,0.632305562,0.462314934,0.812998831,0.684918344,0.835820913,0.717948735,0.180693269,0.022822082,0.760375102
88,benign (374).png,benign,small,0.005557912,0.382536381,0.236503854,0.570542634,0.399132311,0.776246011,0.634315431,0.188006252,0.205703378,0.576441675
89,malignant (57).png,malignant,large,0.124018411,0.609381735,0.438209176,0.781054497,0.640762448,0.688369155,0.524819255,0.171672761,-0.092685342,0.692935129
90,benign (279).png,benign,medium,0.045760677,0.352816641,0.21419391,0.871171176,0.771747828,0.925213993,0.860835612,0.518354535,0.054042816,0.716400603
91,benign (433).png,benign,small,0.012538371,0.24667874,0.140692264,0.817817807,0.691786647,0.867843747,0.766540647,0.571139067,0.05002594,0.644113431
92,benign (209).png,benign,small,0.028955614,0.933102965,0.874595106,0.952767909,0.909796298,0.956635296,0.916875303,0.019664943,0.003867388,0.947502057
93,malignant (82).png,malignant,large,0.118493248,0.666246593,0.499527544,0.662688673,0.495538086,0.74265641,0.590655088,-0.00355792,0.079967737,0.690530558
94,benign (88).png,benign,medium,0.07928326,0.471516222,0.308486253,0.687509179,0.523820162,0.750129163,0.600165367,0.215992957,0.062619984,0.636384855
95,malignant (117).png,malignant,medium,0.084702874,0.797218084,0.662811816,0.679293513,0.514340997,0.728491366,0.572934687,-0.117924571,0.049197853,0.735000988
96,benign (92).png,benign,medium,0.063710499,0.705431223,0.544915974,0.926092803,0.862358272,0.809046566,0.679326832,0.220661581,-0.117046237,0.813523531
97,malignant (143).png,malignant,medium,0.046945369,0.860222936,0.754729092,0.84228313,0.727538109,0.85908258,0.752975225,-0.017939806,0.01679945,0.853862882
